{"v":"5.1.15","fr":30,"ip":0,"op":90,"w":375,"h":250,"nm":"PMP_Intro_Test2","ddd":0,"assets":[{"id":"image_0","w":61,"h":5,"u":"images/","p":"img_0.png","e":0},{"id":"image_1","w":64,"h":36,"u":"images/","p":"img_1.png","e":0},{"id":"image_2","w":97,"h":129,"u":"images/","p":"img_2.png","e":0},{"id":"image_3","w":96,"h":99,"u":"images/","p":"img_3.png","e":0},{"id":"image_4","w":21,"h":21,"u":"images/","p":"img_4.png","e":0},{"id":"image_5","w":87,"h":152,"u":"images/","p":"img_5.png","e":0},{"id":"image_6","w":21,"h":17,"u":"images/","p":"img_6.png","e":0},{"id":"image_7","w":6,"h":6,"u":"images/","p":"img_7.png","e":0},{"id":"image_8","w":6,"h":6,"u":"images/","p":"img_8.png","e":0},{"id":"image_9","w":7,"h":7,"u":"images/","p":"img_9.png","e":0},{"id":"image_10","w":7,"h":7,"u":"images/","p":"img_10.png","e":0},{"id":"image_11","w":4,"h":4,"u":"images/","p":"img_11.png","e":0},{"id":"image_12","w":4,"h":4,"u":"images/","p":"img_12.png","e":0},{"id":"image_13","w":4,"h":4,"u":"images/","p":"img_13.png","e":0},{"id":"image_14","w":4,"h":4,"u":"images/","p":"img_14.png","e":0},{"id":"image_15","w":4,"h":4,"u":"images/","p":"img_15.png","e":0},{"id":"image_16","w":7,"h":7,"u":"images/","p":"img_16.png","e":0},{"id":"image_17","w":11,"h":11,"u":"images/","p":"img_17.png","e":0},{"id":"image_18","w":11,"h":11,"u":"images/","p":"img_18.png","e":0},{"id":"image_19","w":316,"h":214,"u":"images/","p":"img_19.png","e":0},{"id":"image_20","w":375,"h":812,"u":"images/","p":"img_20.png","e":0},{"id":"comp_0","layers":[{"ddd":0,"ind":1,"ty":2,"nm":"shadow-line","refId":"image_0","sr":1,"ks":{"o":{"a":1,"k":[{"i":{"x":[0.833],"y":[0.833]},"o":{"x":[0.167],"y":[0.167]},"n":["0p833_0p833_0p167_0p167"],"t":41,"s":[100],"e":[0]},{"i":{"x":[0.833],"y":[0.833]},"o":{"x":[0.167],"y":[0.167]},"n":["0p833_0p833_0p167_0p167"],"t":44,"s":[0],"e":[0]},{"i":{"x":[0.833],"y":[0.833]},"o":{"x":[0.167],"y":[0.167]},"n":["0p833_0p833_0p167_0p167"],"t":63,"s":[0],"e":[100]},{"i":{"x":[0.833],"y":[0.833]},"o":{"x":[0.167],"y":[0.167]},"n":["0p833_0p833_0p167_0p167"],"t":66,"s":[100],"e":[100]},{"i":{"x":[0.833],"y":[0.833]},"o":{"x":[0.167],"y":[0.167]},"n":["0p833_0p833_0p167_0p167"],"t":79,"s":[100],"e":[0]},{"t":81}],"ix":11},"r":{"a":0,"k":0,"ix":10},"p":{"a":0,"k":[176.001,317,0],"ix":2},"a":{"a":0,"k":[30.25,2.25,0],"ix":1},"s":{"a":0,"k":[100,100,100],"ix":6}},"ao":0,"hasMask":true,"masksProperties":[{"inv":false,"mode":"a","pt":{"a":1,"k":[{"i":{"x":0.833,"y":0.833},"o":{"x":0.167,"y":0.167},"n":"0p833_0p833_0p167_0p167","t":0,"s":[{"i":[[0,0],[0,0],[0,0],[0,0]],"o":[[0,0],[0,0],[0,0],[0,0]],"v":[[30.724,-3.75],[25.249,-3.75],[25.249,7.617],[30.724,7.617]],"c":true}],"e":[{"i":[[0,0],[0,0],[0,0],[0,0]],"o":[[0,0],[0,0],[0,0],[0,0]],"v":[[68.224,-3.75],[-9.251,-3.883],[-9.251,7.484],[68.224,7.617]],"c":true}]},{"t":4}],"ix":1},"o":{"a":0,"k":100,"ix":3},"x":{"a":0,"k":0,"ix":4},"nm":"Mask 1"}],"ip":0,"op":120,"st":0,"bm":0},{"ddd":0,"ind":2,"ty":0,"nm":"updatedPMP_INTRO","refId":"comp_1","sr":1,"ks":{"o":{"a":0,"k":100,"ix":11},"r":{"a":0,"k":0,"ix":10},"p":{"a":0,"k":[175.5,406,0],"ix":2},"a":{"a":0,"k":[187.5,406,0],"ix":1},"s":{"a":0,"k":[100,100,100],"ix":6}},"ao":0,"w":375,"h":812,"ip":117,"op":120,"st":30,"bm":0},{"ddd":0,"ind":3,"ty":0,"nm":"updatedPMP_INTRO","refId":"comp_1","sr":1,"ks":{"o":{"a":0,"k":100,"ix":11},"r":{"a":0,"k":0,"ix":10},"p":{"a":0,"k":[175.5,406,0],"ix":2},"a":{"a":0,"k":[187.5,406,0],"ix":1},"s":{"a":0,"k":[100,100,100],"ix":6}},"ao":0,"w":375,"h":812,"ip":114,"op":117,"st":27,"bm":0},{"ddd":0,"ind":4,"ty":0,"nm":"updatedPMP_INTRO","refId":"comp_1","sr":1,"ks":{"o":{"a":0,"k":100,"ix":11},"r":{"a":0,"k":0,"ix":10},"p":{"a":0,"k":[175.5,406,0],"ix":2},"a":{"a":0,"k":[187.5,406,0],"ix":1},"s":{"a":0,"k":[100,100,100],"ix":6}},"ao":0,"w":375,"h":812,"ip":111,"op":114,"st":24,"bm":0},{"ddd":0,"ind":5,"ty":0,"nm":"updatedPMP_INTRO","refId":"comp_1","sr":1,"ks":{"o":{"a":0,"k":100,"ix":11},"r":{"a":0,"k":0,"ix":10},"p":{"a":0,"k":[175.5,406,0],"ix":2},"a":{"a":0,"k":[187.5,406,0],"ix":1},"s":{"a":0,"k":[100,100,100],"ix":6}},"ao":0,"w":375,"h":812,"ip":108,"op":111,"st":21,"bm":0},{"ddd":0,"ind":6,"ty":0,"nm":"updatedPMP_INTRO","refId":"comp_1","sr":1,"ks":{"o":{"a":0,"k":100,"ix":11},"r":{"a":0,"k":0,"ix":10},"p":{"a":0,"k":[175.5,406,0],"ix":2},"a":{"a":0,"k":[187.5,406,0],"ix":1},"s":{"a":0,"k":[100,100,100],"ix":6}},"ao":0,"w":375,"h":812,"ip":105,"op":108,"st":18,"bm":0},{"ddd":0,"ind":7,"ty":0,"nm":"updatedPMP_INTRO","refId":"comp_1","sr":1,"ks":{"o":{"a":0,"k":100,"ix":11},"r":{"a":0,"k":0,"ix":10},"p":{"a":0,"k":[175.5,406,0],"ix":2},"a":{"a":0,"k":[187.5,406,0],"ix":1},"s":{"a":0,"k":[100,100,100],"ix":6}},"ao":0,"w":375,"h":812,"ip":102,"op":105,"st":15,"bm":0},{"ddd":0,"ind":8,"ty":0,"nm":"updatedPMP_INTRO","refId":"comp_1","sr":1,"ks":{"o":{"a":0,"k":100,"ix":11},"r":{"a":0,"k":0,"ix":10},"p":{"a":0,"k":[175.5,406,0],"ix":2},"a":{"a":0,"k":[187.5,406,0],"ix":1},"s":{"a":0,"k":[100,100,100],"ix":6}},"ao":0,"w":375,"h":812,"ip":99,"op":102,"st":12,"bm":0},{"ddd":0,"ind":9,"ty":0,"nm":"updatedPMP_INTRO","refId":"comp_1","sr":1,"ks":{"o":{"a":0,"k":100,"ix":11},"r":{"a":0,"k":0,"ix":10},"p":{"a":0,"k":[175.5,406,0],"ix":2},"a":{"a":0,"k":[187.5,406,0],"ix":1},"s":{"a":0,"k":[100,100,100],"ix":6}},"ao":0,"w":375,"h":812,"ip":96,"op":99,"st":9,"bm":0},{"ddd":0,"ind":10,"ty":0,"nm":"updatedPMP_INTRO","refId":"comp_1","sr":1,"ks":{"o":{"a":0,"k":100,"ix":11},"r":{"a":0,"k":0,"ix":10},"p":{"a":0,"k":[175.5,406,0],"ix":2},"a":{"a":0,"k":[187.5,406,0],"ix":1},"s":{"a":0,"k":[100,100,100],"ix":6}},"ao":0,"w":375,"h":812,"ip":93,"op":96,"st":6,"bm":0},{"ddd":0,"ind":11,"ty":0,"nm":"updatedPMP_INTRO","refId":"comp_1","sr":1,"ks":{"o":{"a":0,"k":100,"ix":11},"r":{"a":0,"k":0,"ix":10},"p":{"a":0,"k":[175.5,406,0],"ix":2},"a":{"a":0,"k":[187.5,406,0],"ix":1},"s":{"a":0,"k":[100,100,100],"ix":6}},"ao":0,"w":375,"h":812,"ip":90,"op":93,"st":3,"bm":0},{"ddd":0,"ind":12,"ty":0,"nm":"updatedPMP_INTRO","refId":"comp_1","sr":1,"ks":{"o":{"a":0,"k":100,"ix":11},"r":{"a":0,"k":0,"ix":10},"p":{"a":0,"k":[175.5,406,0],"ix":2},"a":{"a":0,"k":[187.5,406,0],"ix":1},"s":{"a":0,"k":[100,100,100],"ix":6}},"ao":0,"w":375,"h":812,"ip":0,"op":90,"st":0,"bm":0},{"ddd":0,"ind":13,"ty":1,"nm":"whiteBG","sr":1,"ks":{"o":{"a":0,"k":100,"ix":11},"r":{"a":0,"k":0,"ix":10},"p":{"a":0,"k":[189.5,114,0],"ix":2},"a":{"a":0,"k":[189.5,2.781,0],"ix":1},"s":{"a":0,"k":[100,31.141,100],"ix":6}},"ao":0,"sw":375,"sh":812,"sc":"#ffffff","ip":0,"op":120,"st":0,"bm":0},{"ddd":0,"ind":14,"ty":2,"nm":"ScreenBG/PMP_introLAYERS.ai","cl":"ai","refId":"image_20","sr":1,"ks":{"o":{"a":0,"k":100,"ix":11},"r":{"a":0,"k":0,"ix":10},"p":{"a":0,"k":[187.5,406,0],"ix":2},"a":{"a":0,"k":[187.5,406,0],"ix":1},"s":{"a":0,"k":[100,100,100],"ix":6}},"ao":0,"ip":0,"op":120,"st":0,"bm":0}]},{"id":"comp_1","layers":[{"ddd":0,"ind":1,"ty":1,"nm":"Pale Royal Blue Solid 1","sr":1,"ks":{"o":{"a":0,"k":100,"ix":11},"r":{"a":0,"k":0,"ix":10},"p":{"a":0,"k":[187.5,331.5,0],"ix":2},"a":{"a":0,"k":[187.5,406,0],"ix":1},"s":{"a":0,"k":[20.267,3.51,100],"ix":6}},"ao":0,"sw":375,"sh":812,"sc":"#f4fafd","ip":0,"op":90,"st":0,"bm":0},{"ddd":0,"ind":2,"ty":2,"nm":"paid-label","refId":"image_1","sr":1,"ks":{"o":{"a":1,"k":[{"i":{"x":[0.833],"y":[0.833]},"o":{"x":[0.167],"y":[0.167]},"n":["0p833_0p833_0p167_0p167"],"t":68,"s":[100],"e":[100]},{"t":78}],"ix":11},"r":{"a":0,"k":0,"ix":10},"p":{"a":1,"k":[{"i":{"x":0.667,"y":0.667},"o":{"x":0.167,"y":0.167},"n":"0p667_0p667_0p167_0p167","t":68,"s":[188,273.478,0],"e":[188,273.478,0],"to":[0,0,0],"ti":[0,0,0]},{"i":{"x":0.667,"y":1},"o":{"x":0.333,"y":0},"n":"0p667_1_0p333_0","t":78,"s":[188,273.478,0],"e":[292,259.478,0],"to":[17.3333339691162,-2.33333325386047,0],"ti":[-17.3333339691162,2.33333325386047,0]},{"t":84}],"ix":2},"a":{"a":0,"k":[31.835,17.525,0],"ix":1},"s":{"a":1,"k":[{"i":{"x":[0.833,0.833,0.833],"y":[0.833,0.833,0.833]},"o":{"x":[0.167,0.167,0.167],"y":[0.167,0.167,0.167]},"n":["0p833_0p833_0p167_0p167","0p833_0p833_0p167_0p167","0p833_0p833_0p167_0p167"],"t":68,"s":[76,76,100],"e":[116,116,100]},{"i":{"x":[0.833,0.833,0.833],"y":[0.833,0.833,1.292]},"o":{"x":[0.333,0.333,0.333],"y":[0,0,0]},"n":["0p833_0p833_0p333_0","0p833_0p833_0p333_0","0p833_1p292_0p333_0"],"t":70,"s":[116,116,100],"e":[100,100,100]},{"i":{"x":[0.667,0.667,0.667],"y":[1,1,1]},"o":{"x":[0.167,0.167,0.167],"y":[0,0,0]},"n":["0p667_1_0p167_0","0p667_1_0p167_0","0p667_1_0p167_0"],"t":72,"s":[100,100,100],"e":[100,100,100]},{"i":{"x":[0.667,0.667,0.667],"y":[1,1,1]},"o":{"x":[0.333,0.333,0.333],"y":[0,0,0]},"n":["0p667_1_0p333_0","0p667_1_0p333_0","0p667_1_0p333_0"],"t":78,"s":[100,100,100],"e":[48,48,100]},{"t":84}],"ix":6}},"ao":0,"ip":68,"op":90,"st":-3,"bm":0},{"ddd":0,"ind":3,"ty":4,"nm":"line checkmark Outlines 2","sr":1,"ks":{"o":{"a":0,"k":100,"ix":11},"r":{"a":0,"k":0,"ix":10},"p":{"a":1,"k":[{"i":{"x":0.667,"y":1},"o":{"x":0.333,"y":0},"n":"0p667_1_0p333_0","t":78,"s":[191.833,227,0],"e":[293,237.5,0],"to":[16.861083984375,1.75,0],"ti":[-16.861083984375,-1.75,0]},{"t":84}],"ix":2},"a":{"a":0,"k":[40,34.167,0],"ix":1},"s":{"a":1,"k":[{"i":{"x":[0.667,0.667,0.667],"y":[1,1,1]},"o":{"x":[0.333,0.333,0.333],"y":[0,0,0]},"n":["0p667_1_0p333_0","0p667_1_0p333_0","0p667_1_0p333_0"],"t":78,"s":[100,100,100],"e":[53,53,100]},{"t":84}],"ix":6}},"ao":0,"shapes":[{"ty":"gr","it":[{"ind":0,"ty":"sh","ix":1,"ks":{"a":0,"k":{"i":[[0,0],[0,0],[0,0]],"o":[[0,0],[0,0],[0,0]],"v":[[-20,1.833],[-8.333,14.167],[20,-14.167]],"c":false},"ix":2},"nm":"Path 1","mn":"ADBE Vector Shape - Group","hd":false},{"ty":"tm","s":{"a":1,"k":[{"i":{"x":[0.667],"y":[1]},"o":{"x":[0.333],"y":[0]},"n":["0p667_1_0p333_0"],"t":60,"s":[0],"e":[0]},{"t":78}],"ix":1},"e":{"a":1,"k":[{"i":{"x":[0.037],"y":[1]},"o":{"x":[0.241],"y":[0]},"n":["0p037_1_0p241_0"],"t":60,"s":[0],"e":[100]},{"t":78}],"ix":2},"o":{"a":0,"k":0,"ix":3},"m":1,"ix":2,"nm":"Trim Paths 1","mn":"ADBE Vector Filter - Trim","hd":false},{"ty":"st","c":{"a":0,"k":[0.074509803922,0.737254901961,0,1],"ix":3},"o":{"a":0,"k":100,"ix":4},"w":{"a":0,"k":8,"ix":5},"lc":2,"lj":2,"nm":"Stroke 1","mn":"ADBE Vector Graphic - Stroke","hd":false},{"ty":"tr","p":{"a":0,"k":[40,34.167],"ix":2},"a":{"a":0,"k":[0,0],"ix":1},"s":{"a":0,"k":[100,100],"ix":3},"r":{"a":0,"k":0,"ix":6},"o":{"a":0,"k":100,"ix":7},"sk":{"a":0,"k":0,"ix":4},"sa":{"a":0,"k":0,"ix":5},"nm":"Transform"}],"nm":"Group 1","np":3,"cix":2,"ix":1,"mn":"ADBE Vector Group","hd":false}],"ip":60,"op":150,"st":60,"bm":0},{"ddd":0,"ind":4,"ty":4,"nm":"line checkmark Outlines","sr":1,"ks":{"o":{"a":0,"k":100,"ix":11},"r":{"a":0,"k":0,"ix":10},"p":{"a":1,"k":[{"i":{"x":0.667,"y":1},"o":{"x":0.333,"y":0},"n":"0p667_1_0p333_0","t":78,"s":[191.833,223,0],"e":[293,235.4,0],"to":[16.861083984375,2.06666660308838,0],"ti":[-16.861083984375,-2.06666660308838,0]},{"t":84}],"ix":2},"a":{"a":0,"k":[40,34.167,0],"ix":1},"s":{"a":1,"k":[{"i":{"x":[0.667,0.667,0.667],"y":[1,1,1]},"o":{"x":[0.333,0.333,0.333],"y":[0,0,0]},"n":["0p667_1_0p333_0","0p667_1_0p333_0","0p667_1_0p333_0"],"t":78,"s":[100,100,100],"e":[53,53,100]},{"t":84}],"ix":6}},"ao":0,"shapes":[{"ty":"gr","it":[{"ind":0,"ty":"sh","ix":1,"ks":{"a":0,"k":{"i":[[0,0],[0,0],[0,0]],"o":[[0,0],[0,0],[0,0]],"v":[[-20,1.833],[-8.333,14.167],[20,-14.167]],"c":false},"ix":2},"nm":"Path 1","mn":"ADBE Vector Shape - Group","hd":false},{"ty":"tm","s":{"a":1,"k":[{"i":{"x":[0.667],"y":[1]},"o":{"x":[0.333],"y":[0]},"n":["0p667_1_0p333_0"],"t":60,"s":[0],"e":[0]},{"t":78}],"ix":1},"e":{"a":1,"k":[{"i":{"x":[0.037],"y":[1]},"o":{"x":[0.241],"y":[0]},"n":["0p037_1_0p241_0"],"t":60,"s":[0],"e":[100]},{"t":78}],"ix":2},"o":{"a":0,"k":0,"ix":3},"m":1,"ix":2,"nm":"Trim Paths 1","mn":"ADBE Vector Filter - Trim","hd":false},{"ty":"st","c":{"a":0,"k":[1,1,1,1],"ix":3},"o":{"a":0,"k":100,"ix":4},"w":{"a":0,"k":8,"ix":5},"lc":2,"lj":2,"nm":"Stroke 1","mn":"ADBE Vector Graphic - Stroke","hd":false},{"ty":"tr","p":{"a":0,"k":[40,34.167],"ix":2},"a":{"a":0,"k":[0,0],"ix":1},"s":{"a":0,"k":[100,100],"ix":3},"r":{"a":0,"k":0,"ix":6},"o":{"a":0,"k":100,"ix":7},"sk":{"a":0,"k":0,"ix":4},"sa":{"a":0,"k":0,"ix":5},"nm":"Transform"}],"nm":"Group 1","np":3,"cix":2,"ix":1,"mn":"ADBE Vector Group","hd":false}],"ip":60,"op":150,"st":60,"bm":0},{"ddd":0,"ind":5,"ty":2,"nm":"paidBill-BG","refId":"image_2","sr":1,"ks":{"o":{"a":1,"k":[{"i":{"x":[0.833],"y":[0.833]},"o":{"x":[0.167],"y":[0.167]},"n":["0p833_0p833_0p167_0p167"],"t":56,"s":[0],"e":[100]},{"i":{"x":[0.833],"y":[0.833]},"o":{"x":[0.167],"y":[0.167]},"n":["0p833_0p833_0p167_0p167"],"t":59,"s":[100],"e":[100]},{"t":78}],"ix":11},"r":{"a":1,"k":[{"i":{"x":[0.833],"y":[0.833]},"o":{"x":[0.167],"y":[0.167]},"n":["0p833_0p833_0p167_0p167"],"t":56,"s":[0],"e":[0]},{"t":59}],"ix":10},"p":{"a":1,"k":[{"i":{"x":0.833,"y":0.833},"o":{"x":0.333,"y":0},"n":"0p833_0p833_0p333_0","t":56,"s":[187.93,231.989,0],"e":[187.93,221.989,0],"to":[0,-1.66666638851166,0],"ti":[0,1.66666638851166,0]},{"i":{"x":0.667,"y":0.667},"o":{"x":0.167,"y":0.167},"n":"0p667_0p667_0p167_0p167","t":59,"s":[187.93,221.989,0],"e":[187.93,221.989,0],"to":[0,0,0],"ti":[0,0,0]},{"i":{"x":0.667,"y":1},"o":{"x":0.333,"y":0},"n":"0p667_1_0p333_0","t":78,"s":[187.93,221.989,0],"e":[291.93,233.989,0],"to":[17.3333339691162,2,0],"ti":[-17.3333339691162,-2,0]},{"t":84}],"ix":2},"a":{"a":0,"k":[48.18,64.239,0],"ix":1},"s":{"a":1,"k":[{"i":{"x":[0.833,0.833,0.833],"y":[0.833,0.833,0.833]},"o":{"x":[0.167,0.167,0.167],"y":[0.167,0.167,0.167]},"n":["0p833_0p833_0p167_0p167","0p833_0p833_0p167_0p167","0p833_0p833_0p167_0p167"],"t":56,"s":[35,35,100],"e":[100,100,100]},{"i":{"x":[0.667,0.667,0.667],"y":[1,1,1]},"o":{"x":[0.167,0.167,0.167],"y":[0,0,0]},"n":["0p667_1_0p167_0","0p667_1_0p167_0","0p667_1_0p167_0"],"t":59,"s":[100,100,100],"e":[100,100,100]},{"i":{"x":[0.667,0.667,0.667],"y":[1,1,1]},"o":{"x":[0.333,0.333,0.333],"y":[0,0,0]},"n":["0p667_1_0p333_0","0p667_1_0p333_0","0p667_1_0p333_0"],"t":78,"s":[100,100,100],"e":[48,48,100]},{"t":84}],"ix":6}},"ao":0,"ip":56,"op":90,"st":-4,"bm":0},{"ddd":0,"ind":6,"ty":2,"nm":"envelope","refId":"image_3","sr":1,"ks":{"o":{"a":1,"k":[{"i":{"x":[0.833],"y":[0.833]},"o":{"x":[0.167],"y":[0.167]},"n":["0p833_0p833_0p167_0p167"],"t":5,"s":[100],"e":[100]},{"i":{"x":[0.833],"y":[0.833]},"o":{"x":[0.167],"y":[0.167]},"n":["0p833_0p833_0p167_0p167"],"t":23,"s":[100],"e":[100]},{"i":{"x":[0.833],"y":[0.833]},"o":{"x":[0.167],"y":[0.167]},"n":["0p833_0p833_0p167_0p167"],"t":25,"s":[100],"e":[100]},{"i":{"x":[0.833],"y":[0.833]},"o":{"x":[0.167],"y":[0.167]},"n":["0p833_0p833_0p167_0p167"],"t":46,"s":[100],"e":[100]},{"i":{"x":[0.833],"y":[0.833]},"o":{"x":[0.167],"y":[0.167]},"n":["0p833_0p833_0p167_0p167"],"t":54,"s":[100],"e":[60]},{"i":{"x":[0.833],"y":[0.833]},"o":{"x":[0.167],"y":[0.167]},"n":["0p833_0p833_0p167_0p167"],"t":57,"s":[60],"e":[60]},{"i":{"x":[0.833],"y":[0.833]},"o":{"x":[0.167],"y":[0.167]},"n":["0p833_0p833_0p167_0p167"],"t":81,"s":[60],"e":[100]},{"t":84}],"ix":11},"r":{"a":1,"k":[{"i":{"x":[0.647],"y":[0.647]},"o":{"x":[0.647],"y":[0.726]},"n":["0p647_0p647_0p647_0p726"],"t":5,"s":[-100],"e":[0]},{"t":8}],"ix":10},"p":{"a":1,"k":[{"i":{"x":0.42,"y":0.42},"o":{"x":0.58,"y":0.433},"n":"0p42_0p42_0p58_0p433","t":5,"s":[188,321.88,0],"e":[188,241.656,0],"to":[0,-13.3705940246582,0],"ti":[0,14.537260055542,0]},{"i":{"x":0.833,"y":0.022},"o":{"x":0.167,"y":0.167},"n":"0p833_0p022_0p167_0p167","t":8,"s":[188,241.656,0],"e":[188,234.656,0],"to":[0,-14.537260055542,0],"ti":[-0.16666667163372,-0.08333333581686,0]},{"i":{"x":0.388,"y":0.388},"o":{"x":0.751,"y":0.883},"n":"0p388_0p388_0p751_0p883","t":23,"s":[188,234.656,0],"e":[84,234.656,0],"to":[0.16666667163372,0.08333333581686,0],"ti":[17.3333320617676,0,0]},{"i":{"x":0.833,"y":0.833},"o":{"x":0.167,"y":0.167},"n":"0p833_0p833_0p167_0p167","t":28,"s":[84,234.656,0],"e":[84,234.656,0],"to":[0,0,0],"ti":[0,0,0]},{"i":{"x":0.833,"y":0.833},"o":{"x":0.167,"y":0.167},"n":"0p833_0p833_0p167_0p167","t":42,"s":[84,234.656,0],"e":[116.171,234.656,0],"to":[0.04240883514285,0,0],"ti":[-0.07065965235233,0,0]},{"t":46,"s":[116.171,234.656,0],"h":1}],"ix":2},"a":{"a":0,"k":[47.526,49.183,0],"ix":1},"s":{"a":1,"k":[{"i":{"x":[0.833,0.833,0.833],"y":[0.833,0.833,0.833]},"o":{"x":[0.167,0.167,0.167],"y":[0.167,0.167,0.167]},"n":["0p833_0p833_0p167_0p167","0p833_0p833_0p167_0p167","0p833_0p833_0p167_0p167"],"t":5,"s":[46,46,100],"e":[100,100,100]},{"i":{"x":[0.833,0.833,0.833],"y":[0.833,0.833,0.833]},"o":{"x":[0.167,0.167,0.167],"y":[0.167,0.167,0.167]},"n":["0p833_0p833_0p167_0p167","0p833_0p833_0p167_0p167","0p833_0p833_0p167_0p167"],"t":8,"s":[100,100,100],"e":[100,100,100]},{"i":{"x":[0.833,0.833,0.833],"y":[0.833,0.833,0.833]},"o":{"x":[0.167,0.167,0.167],"y":[0.167,0.167,0.167]},"n":["0p833_0p833_0p167_0p167","0p833_0p833_0p167_0p167","0p833_0p833_0p167_0p167"],"t":23,"s":[100,100,100],"e":[54.167,54.167,100]},{"t":28}],"ix":6}},"ao":0,"ip":5,"op":90,"st":0,"bm":0},{"ddd":0,"ind":7,"ty":2,"nm":"plus","refId":"image_4","sr":1,"ks":{"o":{"a":1,"k":[{"i":{"x":[0.833],"y":[0.833]},"o":{"x":[0.167],"y":[0.167]},"n":["0p833_0p833_0p167_0p167"],"t":27,"s":[0],"e":[100]},{"i":{"x":[0.833],"y":[0.833]},"o":{"x":[0.167],"y":[0.167]},"n":["0p833_0p833_0p167_0p167"],"t":29,"s":[100],"e":[100]},{"i":{"x":[0.833],"y":[0.833]},"o":{"x":[0.167],"y":[0.167]},"n":["0p833_0p833_0p167_0p167"],"t":54,"s":[100],"e":[60]},{"i":{"x":[0.833],"y":[0.833]},"o":{"x":[0.167],"y":[0.167]},"n":["0p833_0p833_0p167_0p167"],"t":57,"s":[60],"e":[60]},{"i":{"x":[0.833],"y":[0.833]},"o":{"x":[0.167],"y":[0.167]},"n":["0p833_0p833_0p167_0p167"],"t":81,"s":[60],"e":[100]},{"t":84}],"ix":11},"r":{"a":0,"k":0,"ix":10},"p":{"a":1,"k":[{"i":{"x":0.833,"y":0.833},"o":{"x":0.167,"y":0.167},"n":"0p833_0p833_0p167_0p167","t":27,"s":[141.999,239.501,0],"e":[126.999,239.501,0],"to":[-2.49999952316284,0,0],"ti":[2.49999952316284,0,0]},{"i":{"x":0.833,"y":0.833},"o":{"x":0.167,"y":0.167},"n":"0p833_0p833_0p167_0p167","t":29,"s":[126.999,239.501,0],"e":[126.999,239.501,0],"to":[0,0,0],"ti":[0,0,0]},{"i":{"x":0.833,"y":0.833},"o":{"x":0.167,"y":0.167},"n":"0p833_0p833_0p167_0p167","t":42,"s":[126.999,239.501,0],"e":[162,239.501,0],"to":[5.83333349227905,0,0],"ti":[-5.83333349227905,0,0]},{"t":46}],"ix":2},"a":{"a":0,"k":[10.5,10.5,0],"ix":1},"s":{"a":0,"k":[100,100,100],"ix":6}},"ao":0,"ip":22,"op":91,"st":1,"bm":0},{"ddd":0,"ind":8,"ty":2,"nm":"phone","refId":"image_5","sr":1,"ks":{"o":{"a":1,"k":[{"i":{"x":[0.833],"y":[0.833]},"o":{"x":[0.167],"y":[0.167]},"n":["0p833_0p833_0p167_0p167"],"t":29,"s":[100],"e":[100]},{"i":{"x":[0.833],"y":[0.833]},"o":{"x":[0.167],"y":[0.167]},"n":["0p833_0p833_0p167_0p167"],"t":54,"s":[100],"e":[60]},{"i":{"x":[0.833],"y":[0.833]},"o":{"x":[0.167],"y":[0.167]},"n":["0p833_0p833_0p167_0p167"],"t":57,"s":[60],"e":[60]},{"i":{"x":[0.833],"y":[0.833]},"o":{"x":[0.167],"y":[0.167]},"n":["0p833_0p833_0p167_0p167"],"t":81,"s":[60],"e":[100]},{"t":84}],"ix":11},"r":{"a":0,"k":0,"ix":10},"p":{"a":1,"k":[{"i":{"x":0.833,"y":0.833},"o":{"x":0.167,"y":0.167},"n":"0p833_0p833_0p167_0p167","t":29,"s":[187.861,361.416,0],"e":[187.986,224.541,0],"to":[0.02083333395422,-22.8125,0],"ti":[0,24.1666660308838,0]},{"i":{"x":0.833,"y":0.833},"o":{"x":0.167,"y":0.167},"n":"0p833_0p833_0p167_0p167","t":33,"s":[187.986,224.541,0],"e":[187.861,219,0],"to":[0,-2.24202537536621,0],"ti":[0,0,0]},{"i":{"x":0.833,"y":0.833},"o":{"x":0.333,"y":0},"n":"0p833_0p833_0p333_0","t":42,"s":[187.861,219,0],"e":[201.861,232.416,0],"to":[0.07679748535156,4.02198791503906,0],"ti":[-2.33333301544189,-2.23591661453247,0]},{"i":{"x":0.833,"y":0.833},"o":{"x":0.167,"y":0.167},"n":"0p833_0p833_0p167_0p167","t":46,"s":[201.861,232.416,0],"e":[201.861,232.416,0],"to":[0,0,0],"ti":[0,0,0]},{"t":84}],"ix":2},"a":{"a":0,"k":[43.006,75.56,0],"ix":1},"s":{"a":1,"k":[{"i":{"x":[0.833,0.833,0.833],"y":[0.833,0.833,0.833]},"o":{"x":[0.167,0.167,0.167],"y":[0.167,0.167,0.167]},"n":["0p833_0p833_0p167_0p167","0p833_0p833_0p167_0p167","0p833_0p833_0p167_0p167"],"t":29,"s":[58,58,100],"e":[68.5,68.5,100]},{"i":{"x":[0.833,0.833,0.833],"y":[0.833,0.833,0.833]},"o":{"x":[0.167,0.167,0.167],"y":[0.167,0.167,0.167]},"n":["0p833_0p833_0p167_0p167","0p833_0p833_0p167_0p167","0p833_0p833_0p167_0p167"],"t":31,"s":[68.5,68.5,100],"e":[81,81,100]},{"i":{"x":[0.833,0.833,0.833],"y":[0.833,0.833,0.833]},"o":{"x":[0.167,0.167,0.167],"y":[0.167,0.167,0.167]},"n":["0p833_0p833_0p167_0p167","0p833_0p833_0p167_0p167","0p833_0p833_0p167_0p167"],"t":33,"s":[81,81,100],"e":[81,81,100]},{"i":{"x":[0.833,0.833,0.833],"y":[0.833,0.833,0.833]},"o":{"x":[0.167,0.167,0.167],"y":[0.167,0.167,0.167]},"n":["0p833_0p833_0p167_0p167","0p833_0p833_0p167_0p167","0p833_0p833_0p167_0p167"],"t":42,"s":[81,81,100],"e":[45,45,100]},{"t":46,"s":[45,45,100],"h":1}],"ix":6}},"ao":0,"hasMask":true,"masksProperties":[{"inv":false,"mode":"a","pt":{"a":1,"k":[{"i":{"x":0.833,"y":0.833},"o":{"x":0.167,"y":0.167},"n":"0p833_0p833_0p167_0p167","t":29,"s":[{"i":[[0,0],[0,0],[0,0],[0,0]],"o":[[0,0],[0,0],[0,0],[0,0]],"v":[[-0.358,-170.69],[-0.504,-4.69],[86.496,-4.69],[86.642,-170.69]],"c":true}],"e":[{"i":[[0,0],[0,0],[0,0],[0,0]],"o":[[0,0],[0,0],[0,0],[0,0]],"v":[[-0.27,-127.94],[-0.416,58.498],[86.584,58.498],[86.73,-127.94]],"c":true}]},{"i":{"x":0.833,"y":0.833},"o":{"x":0.167,"y":0.167},"n":"0p833_0p833_0p167_0p167","t":30,"s":[{"i":[[0,0],[0,0],[0,0],[0,0]],"o":[[0,0],[0,0],[0,0],[0,0]],"v":[[-0.27,-127.94],[-0.416,58.498],[86.584,58.498],[86.73,-127.94]],"c":true}],"e":[{"i":[[0,0],[0,0],[0,0],[0,0]],"o":[[0,0],[0,0],[0,0],[0,0]],"v":[[-0.183,-85.19],[0.122,107.676],[87.122,107.676],[86.817,-85.19]],"c":true}]},{"i":{"x":0.833,"y":0.833},"o":{"x":0.167,"y":0.167},"n":"0p833_0p833_0p167_0p167","t":31,"s":[{"i":[[0,0],[0,0],[0,0],[0,0]],"o":[[0,0],[0,0],[0,0],[0,0]],"v":[[-0.183,-85.19],[0.122,107.676],[87.122,107.676],[86.817,-85.19]],"c":true}],"e":[{"i":[[0,0],[0,0],[0,0],[0,0]],"o":[[0,0],[0,0],[0,0],[0,0]],"v":[[-0.095,-42.44],[-0.016,150.53],[86.984,150.53],[86.905,-42.44]],"c":true}]},{"i":{"x":0.833,"y":0.833},"o":{"x":0.167,"y":0.167},"n":"0p833_0p833_0p167_0p167","t":32,"s":[{"i":[[0,0],[0,0],[0,0],[0,0]],"o":[[0,0],[0,0],[0,0],[0,0]],"v":[[-0.095,-42.44],[-0.016,150.53],[86.984,150.53],[86.905,-42.44]],"c":true}],"e":[{"i":[[0,0],[0,0],[0,0],[0,0]],"o":[[0,0],[0,0],[0,0],[0,0]],"v":[[-0.161,-21.69],[-0.153,166.31],[86.847,166.31],[86.839,-21.69]],"c":true}]},{"t":33}],"ix":1},"o":{"a":0,"k":100,"ix":3},"x":{"a":0,"k":0,"ix":4},"nm":"Mask 1"}],"ip":29,"op":90,"st":-12,"bm":0},{"ddd":0,"ind":9,"ty":2,"nm":"equals","refId":"image_6","sr":1,"ks":{"o":{"a":1,"k":[{"i":{"x":[0.833],"y":[0.833]},"o":{"x":[0.167],"y":[0.167]},"n":["0p833_0p833_0p167_0p167"],"t":-5,"s":[0],"e":[0]},{"i":{"x":[0.833],"y":[0.833]},"o":{"x":[0.167],"y":[0.167]},"n":["0p833_0p833_0p167_0p167"],"t":47,"s":[0],"e":[100]},{"i":{"x":[0.833],"y":[0.833]},"o":{"x":[0.167],"y":[0.167]},"n":["0p833_0p833_0p167_0p167"],"t":49,"s":[100],"e":[100]},{"i":{"x":[0.833],"y":[0.833]},"o":{"x":[0.167],"y":[0.167]},"n":["0p833_0p833_0p167_0p167"],"t":54,"s":[100],"e":[60]},{"i":{"x":[0.833],"y":[0.833]},"o":{"x":[0.167],"y":[0.167]},"n":["0p833_0p833_0p167_0p167"],"t":57,"s":[60],"e":[60]},{"i":{"x":[0.833],"y":[0.833]},"o":{"x":[0.167],"y":[0.167]},"n":["0p833_0p833_0p167_0p167"],"t":81,"s":[60],"e":[100]},{"i":{"x":[0.833],"y":[0.833]},"o":{"x":[0.167],"y":[0.167]},"n":["0p833_0p833_0p167_0p167"],"t":84,"s":[100],"e":[100]},{"t":91}],"ix":11},"r":{"a":0,"k":0,"ix":10},"p":{"a":1,"k":[{"t":49,"s":[244,240,0],"h":1},{"i":{"x":0.833,"y":0.833},"o":{"x":0.167,"y":0.167},"n":"0p833_0p833_0p167_0p167","t":81,"s":[244,240,0],"e":[244,240,0],"to":[0,0,0],"ti":[0,0,0]},{"t":84,"s":[244,240,0],"h":1},{"t":91,"s":[239,240,0],"h":1}],"ix":2},"a":{"a":0,"k":[10.5,8.167,0],"ix":1},"s":{"a":0,"k":[100,100,100],"ix":6}},"ao":0,"ip":47,"op":93,"st":-5,"bm":0},{"ddd":0,"ind":10,"ty":2,"nm":"star1","refId":"image_7","sr":1,"ks":{"o":{"a":0,"k":100,"ix":11},"r":{"a":0,"k":0,"ix":10},"p":{"a":0,"k":[118,301,0],"ix":2},"a":{"a":0,"k":[3,3,0],"ix":1},"s":{"a":0,"k":[100,100,100],"ix":6}},"ao":0,"ip":0,"op":90,"st":0,"bm":0},{"ddd":0,"ind":11,"ty":2,"nm":"star2","refId":"image_8","sr":1,"ks":{"o":{"a":0,"k":100,"ix":11},"r":{"a":0,"k":0,"ix":10},"p":{"a":0,"k":[233,160.782,0],"ix":2},"a":{"a":0,"k":[3,3,0],"ix":1},"s":{"a":0,"k":[100,100,100],"ix":6}},"ao":0,"ip":0,"op":90,"st":0,"bm":0},{"ddd":0,"ind":12,"ty":2,"nm":"star3","refId":"image_9","sr":1,"ks":{"o":{"a":0,"k":100,"ix":11},"r":{"a":0,"k":0,"ix":10},"p":{"a":0,"k":[275.419,199.264,0],"ix":2},"a":{"a":0,"k":[3.064,3.059,0],"ix":1},"s":{"a":0,"k":[100,100,100],"ix":6}},"ao":0,"ip":0,"op":90,"st":0,"bm":0},{"ddd":0,"ind":13,"ty":2,"nm":"star4","refId":"image_10","sr":1,"ks":{"o":{"a":0,"k":100,"ix":11},"r":{"a":0,"k":0,"ix":10},"p":{"a":0,"k":[277.387,149.841,0],"ix":2},"a":{"a":0,"k":[3.064,3.059,0],"ix":1},"s":{"a":0,"k":[100,100,100],"ix":6}},"ao":0,"ip":0,"op":90,"st":0,"bm":0},{"ddd":0,"ind":14,"ty":2,"nm":"star5","refId":"image_11","sr":1,"ks":{"o":{"a":0,"k":100,"ix":11},"r":{"a":0,"k":0,"ix":10},"p":{"a":0,"k":[205.839,355.618,0],"ix":2},"a":{"a":0,"k":[1.839,1.836,0],"ix":1},"s":{"a":0,"k":[100,100,100],"ix":6}},"ao":0,"ip":0,"op":90,"st":0,"bm":0},{"ddd":0,"ind":15,"ty":2,"nm":"star6","refId":"image_12","sr":1,"ks":{"o":{"a":0,"k":100,"ix":11},"r":{"a":0,"k":0,"ix":10},"p":{"a":0,"k":[243.839,300.618,0],"ix":2},"a":{"a":0,"k":[1.839,1.836,0],"ix":1},"s":{"a":0,"k":[100,100,100],"ix":6}},"ao":0,"ip":0,"op":90,"st":0,"bm":0},{"ddd":0,"ind":16,"ty":2,"nm":"star7","refId":"image_13","sr":1,"ks":{"o":{"a":0,"k":100,"ix":11},"r":{"a":0,"k":0,"ix":10},"p":{"a":0,"k":[307.839,258.618,0],"ix":2},"a":{"a":0,"k":[1.839,1.836,0],"ix":1},"s":{"a":0,"k":[100,100,100],"ix":6}},"ao":0,"ip":0,"op":90,"st":0,"bm":0},{"ddd":0,"ind":17,"ty":2,"nm":"star8","refId":"image_14","sr":1,"ks":{"o":{"a":0,"k":100,"ix":11},"r":{"a":0,"k":0,"ix":10},"p":{"a":0,"k":[93.839,317.041,0],"ix":2},"a":{"a":0,"k":[1.839,1.836,0],"ix":1},"s":{"a":0,"k":[100,100,100],"ix":6}},"ao":0,"ip":0,"op":90,"st":0,"bm":0},{"ddd":0,"ind":18,"ty":2,"nm":"star9","refId":"image_15","sr":1,"ks":{"o":{"a":0,"k":100,"ix":11},"r":{"a":0,"k":0,"ix":10},"p":{"a":0,"k":[89.839,151.618,0],"ix":2},"a":{"a":0,"k":[1.839,1.836,0],"ix":1},"s":{"a":0,"k":[100,100,100],"ix":6}},"ao":0,"ip":0,"op":90,"st":0,"bm":0},{"ddd":0,"ind":19,"ty":2,"nm":"star10","refId":"image_16","sr":1,"ks":{"o":{"a":0,"k":100,"ix":11},"r":{"a":0,"k":0,"ix":10},"p":{"a":0,"k":[63.645,275.676,0],"ix":2},"a":{"a":0,"k":[3.065,3.059,0],"ix":1},"s":{"a":0,"k":[100,100,100],"ix":6}},"ao":0,"ip":0,"op":90,"st":0,"bm":0},{"ddd":0,"ind":20,"ty":2,"nm":"star11","refId":"image_17","sr":1,"ks":{"o":{"a":0,"k":100,"ix":11},"r":{"a":0,"k":0,"ix":10},"p":{"a":0,"k":[237,330,0],"ix":2},"a":{"a":0,"k":[5.122,5.122,0],"ix":1},"s":{"a":0,"k":[100,100,100],"ix":6}},"ao":0,"ip":0,"op":90,"st":0,"bm":0},{"ddd":0,"ind":21,"ty":2,"nm":"star12","refId":"image_18","sr":1,"ks":{"o":{"a":0,"k":100,"ix":11},"r":{"a":0,"k":0,"ix":10},"p":{"a":0,"k":[144,135,0],"ix":2},"a":{"a":0,"k":[5.122,5.122,0],"ix":1},"s":{"a":0,"k":[100,100,100],"ix":6}},"ao":0,"ip":0,"op":90,"st":0,"bm":0},{"ddd":0,"ind":22,"ty":2,"nm":"bluebg","refId":"image_19","sr":1,"ks":{"o":{"a":0,"k":100,"ix":11},"r":{"a":0,"k":0,"ix":10},"p":{"a":0,"k":[197.42,240.919,0],"ix":2},"a":{"a":0,"k":[157.758,106.757,0],"ix":1},"s":{"a":0,"k":[100,100,100],"ix":6}},"ao":0,"ip":0,"op":90,"st":0,"bm":0}]}],"layers":[{"ddd":0,"ind":1,"ty":0,"nm":"PMP_Intro_Test1","refId":"comp_0","sr":1,"ks":{"o":{"a":0,"k":100,"ix":11},"r":{"a":0,"k":0,"ix":10},"p":{"a":0,"k":[187.5,292,0],"ix":2},"a":{"a":0,"k":[187.5,406,0],"ix":1},"s":{"a":0,"k":[100,100,100],"ix":6}},"ao":0,"w":375,"h":812,"ip":0,"op":90,"st":0,"bm":0}],"markers":[]}